<RockandRoll>
  <performers>
    <name> AC/DC </name>
    <activeYears> 1973 </activeYears>
    <startYear/>
    <endYear/>
  </performers>
  <performers>
    <name> Aerosmith </name>
    <activeYears> 1970 </activeYears>
    <startYear/>
    <endYear/>
  </performers>
  <performers>
    <name> Alan Parsons Project </name>
    <activeYears/>
    <startYear/>
    <endYear/>
  </performers>
  <performers>
    <name> Albert Lee </name>
    <activeYears> 1959 </activeYears>
    <startYear> 1943 </startYear>
    <endYear/>
  </performers>
  <performers>
    <name> Allman Brothers </name>
    <activeYears/>
    <startYear/>
    <endYear/>
  </performers>
  <performers>
    <name> Argent </name>
    <activeYears/>
    <startYear/>
    <endYear/>
  </performers>
  <performers>
    <name> Asia </name>
    <activeYears/>
    <startYear/>
    <endYear/>
  </performers>
  <performers>
    <name> Autograph </name>
    <activeYears/>
    <startYear/>
    <endYear/>
  </performers>
  <performers>
    <name> Bachman Turner Overdrive </name>
    <activeYears/>
    <startYear/>
    <endYear/>
  </performers>
  <performers>
    <name> Bad Company </name>
    <activeYears> 1973 </activeYears>
    <startYear/>
    <endYear/>
  </performers>
  <performers>
    <name> B.B. King </name>
    <activeYears> 1948 </activeYears>
    <startYear> 1925 </startYear>
    <endYear> 2015 </endYear>
  </performers>
  <performers>
    <name> The Beatles </name>
    <activeYears> 1960 </activeYears>
    <startYear/>
    <endYear/>
  </performers>
  <performers>
    <name> The Beach Boys </name>
    <activeYears> 1961 </activeYears>
    <startYear/>
    <endYear/>
  </performers>
  <performers>
    <name> The Big Bopper </name>
    <activeYears> 1954 </activeYears>
    <startYear> 1930 </startYear>
    <endYear> 1959 </endYear>
  </performers>
  <performers>
    <name> Big Joe Turner </name>
    <activeYears> 1920 </activeYears>
    <startYear> 1911 </startYear>
    <endYear> 1985 </endYear>
  </performers>
  <performers>
    <name> Bill Haley &amp; The Comets </name>
    <activeYears> 1946 </activeYears>
    <startYear> 1925 </startYear>
    <endYear> 1981 </endYear>
  </performers>
  <performers>
    <name> Billy Fury </name>
    <activeYears> 1958 </activeYears>
    <startYear> 1940 </startYear>
    <endYear> 1983 </endYear>
  </performers>
  <performers>
    <name> Billy J. Kramer </name>
    <activeYears> 1963 </activeYears>
    <startYear> 1943 </startYear>
    <endYear/>
  </performers>
  <performers>
    <name> Blue Oyster Cult </name>
    <activeYears/>
    <startYear/>
    <endYear/>
  </performers>
  <performers>
    <name> Bo Diddley </name>
    <activeYears> 1943 </activeYears>
    <startYear> 1928 </startYear>
    <endYear> 2008 </endYear>
  </performers>
  <performers>
    <name> Bob Seger </name>
    <activeYears> 1961 </activeYears>
    <startYear> 1945 </startYear>
    <endYear/>
  </performers>
  <performers>
    <name> Bobby Darin </name>
    <activeYears> 1956 </activeYears>
    <startYear> 1936 </startYear>
    <endYear> 1973 </endYear>
  </performers>
  <performers>
    <name> Bobby Lewis </name>
    <activeYears/>
    <startYear/>
    <endYear/>
  </performers>
  <performers>
    <name> Bobby Vee </name>
    <activeYears> 1959 </activeYears>
    <startYear> 1943 </startYear>
    <endYear> 2016 </endYear>
  </performers>
  <performers>
    <name> Bon Jovi </name>
    <activeYears> 1983 </activeYears>
    <startYear/>
    <endYear/>
  </performers>
  <performers>
    <name> Boston (band)|Boston </name>
    <activeYears/>
    <startYear/>
    <endYear/>
  </performers>
  <performers>
    <name> Bruce Springsteen </name>
    <activeYears> 1964 </activeYears>
    <startYear> 1949 </startYear>
    <endYear/>
  </performers>
  <performers>
    <name> Bruce &amp; Terry </name>
    <activeYears/>
    <startYear/>
    <endYear/>
  </performers>
  <performers>
    <name> Bryan Adams </name>
    <activeYears> 1975 </activeYears>
    <startYear> 1959 </startYear>
    <endYear/>
  </performers>
  <performers>
    <name> Buddy Holly </name>
    <activeYears> 1952 </activeYears>
    <startYear> 1936 </startYear>
    <endYear> 1959 </endYear>
  </performers>
  <performers>
    <name> Buffalo Springfield </name>
    <activeYears> 1966 </activeYears>
    <startYear/>
    <endYear/>
  </performers>
  <performers>
    <name> Carl Perkins </name>
    <activeYears> 1946 </activeYears>
    <startYear> 1932 </startYear>
    <endYear> 1998 </endYear>
  </performers>
  <performers>
    <name> The Chantays </name>
    <activeYears/>
    <startYear/>
    <endYear/>
  </performers>
  <performers>
    <name> Chuck Berry </name>
    <activeYears> 1955 </activeYears>
    <startYear> 1926 </startYear>
    <endYear/>
  </performers>
  <performers>
    <name> Cliff Richard </name>
    <activeYears> 1958 </activeYears>
    <startYear> 1940 </startYear>
    <endYear/>
  </performers>
  <performers>
    <name> Creedence Clearwater Revival </name>
    <activeYears> 1967 </activeYears>
    <startYear/>
    <endYear/>
  </performers>
  <performers>
    <name> The Crickets </name>
    <activeYears> 1957 </activeYears>
    <startYear/>
    <endYear/>
  </performers>
  <performers>
    <name> Chubby Checker </name>
    <activeYears> 1959 </activeYears>
    <startYear> 1941 </startYear>
    <endYear/>
  </performers>
  <performers>
    <name> Dick Dale </name>
    <activeYears> 1959 </activeYears>
    <startYear> 1937 </startYear>
    <endYear/>
  </performers>
  <performers>
    <name> Dickie Pride </name>
    <activeYears/>
    <startYear/>
    <endYear/>
  </performers>
  <performers>
    <name> Dorsey Burnette </name>
    <activeYears/>
    <startYear> 1932 </startYear>
    <endYear> 1979 </endYear>
  </performers>
  <performers>
    <name> Dr. John </name>
    <activeYears> 1950 </activeYears>
    <startYear> 1940 </startYear>
    <endYear/>
  </performers>
  <performers>
    <name> Duane Eddy </name>
    <activeYears> 1954 </activeYears>
    <startYear> 1938 </startYear>
    <endYear/>
  </performers>
  <performers>
    <name> Eagles </name>
    <activeYears/>
    <startYear/>
    <endYear/>
  </performers>
  <performers>
    <name> Eddie Bond </name>
    <activeYears> 1950 </activeYears>
    <startYear> 1933 </startYear>
    <endYear> 2013 </endYear>
  </performers>
  <performers>
    <name> Eddie Cochran </name>
    <activeYears> 1952 </activeYears>
    <startYear> 1938 </startYear>
    <endYear> 1960 </endYear>
  </performers>
  <performers>
    <name> Elton John </name>
    <activeYears> 1963 </activeYears>
    <startYear> 1947 </startYear>
    <endYear/>
  </performers>
  <performers>
    <name> Elvis Presley </name>
    <activeYears> 1953 </activeYears>
    <startYear> 1935 </startYear>
    <endYear> 1977 </endYear>
  </performers>
  <performers>
    <name> The Everly Brothers </name>
    <activeYears> 1951 </activeYears>
    <startYear/>
    <endYear/>
  </performers>
  <performers>
    <name> Fats Domino </name>
    <activeYears> 1947 </activeYears>
    <startYear> 1928 </startYear>
    <endYear/>
  </performers>
  <performers>
    <name> Fleetwood Mac </name>
    <activeYears> 1967 </activeYears>
    <startYear/>
    <endYear/>
  </performers>
  <performers>
    <name> The Four Seasons (band)|The Four Seasons </name>
    <activeYears/>
    <startYear/>
    <endYear/>
  </performers>
  <performers>
    <name> Gene Vincent </name>
    <activeYears> 1955 </activeYears>
    <startYear> 1935 </startYear>
    <endYear> 1971 </endYear>
  </performers>
  <performers>
    <name> Gene Summers </name>
    <activeYears> 1958 </activeYears>
    <startYear> 1939 </startYear>
    <endYear/>
  </performers>
  <performers>
    <name> Ike Turner </name>
    <activeYears> 1951 </activeYears>
    <startYear> 1931 </startYear>
    <endYear> 2007 </endYear>
  </performers>
  <performers>
    <name> The Isley Brothers </name>
    <activeYears> 1954 </activeYears>
    <startYear/>
    <endYear/>
  </performers>
  <performers>
    <name> Jack Scott (singer)|Jack Scott </name>
    <activeYears/>
    <startYear/>
    <endYear/>
  </performers>
  <performers>
    <name> Jackie Wilson </name>
    <activeYears> 1953 </activeYears>
    <startYear> 1934 </startYear>
    <endYear> 1984 </endYear>
  </performers>
  <performers>
    <name> Jan &amp; Dean </name>
    <activeYears/>
    <startYear/>
    <endYear/>
  </performers>
  <performers>
    <name> Jerry Lee Lewis </name>
    <activeYears> 1954 </activeYears>
    <startYear> 1935 </startYear>
    <endYear/>
  </performers>
  <performers>
    <name> Johnny Burnette </name>
    <activeYears> 1952 </activeYears>
    <startYear> 1934 </startYear>
    <endYear> 1964 </endYear>
  </performers>
  <performers>
    <name> Johnny Cash </name>
    <activeYears> 1954 </activeYears>
    <startYear> 1932 </startYear>
    <endYear> 2003 </endYear>
  </performers>
  <performers>
    <name> The Kinks </name>
    <activeYears> 1964 </activeYears>
    <startYear/>
    <endYear/>
  </performers>
  <performers>
    <name> Led Zeppelin </name>
    <activeYears> 1968 </activeYears>
    <startYear/>
    <endYear/>
  </performers>
  <performers>
    <name> Link Wray </name>
    <activeYears> 1956 </activeYears>
    <startYear> 1929 </startYear>
    <endYear> 2005 </endYear>
  </performers>
  <performers>
    <name> Little Richard </name>
    <activeYears> 1947 </activeYears>
    <startYear> 1932 </startYear>
    <endYear/>
  </performers>
  <performers>
    <name> Marty Wilde </name>
    <activeYears> 1950 </activeYears>
    <startYear> 1939 </startYear>
    <endYear/>
  </performers>
  <performers>
    <name> Mike Sanchez </name>
    <activeYears> 1982 </activeYears>
    <startYear> 1964 </startYear>
    <endYear/>
  </performers>
  <performers>
    <name> The Monkees </name>
    <activeYears> 1965 </activeYears>
    <startYear/>
    <endYear/>
  </performers>
  <performers>
    <name> Mot&#246;rhead </name>
    <activeYears> 1975 </activeYears>
    <startYear/>
    <endYear/>
  </performers>
  <performers>
    <name> The Picks </name>
    <activeYears> 1956 </activeYears>
    <startYear/>
    <endYear/>
  </performers>
  <performers>
    <name> The Quarrymen </name>
    <activeYears> 1956 </activeYears>
    <startYear/>
    <endYear/>
  </performers>
  <performers>
    <name> Queen (band)|Queen </name>
    <activeYears/>
    <startYear/>
    <endYear/>
  </performers>
  <performers>
    <name> Ray Charles </name>
    <activeYears> 1947 </activeYears>
    <startYear> 1930 </startYear>
    <endYear> 2004 </endYear>
  </performers>
  <performers>
    <name> Ricky Nelson </name>
    <activeYears> 1949 </activeYears>
    <startYear> 1940 </startYear>
    <endYear> 1985 </endYear>
  </performers>
  <performers>
    <name> Ringo Starr's All-Starr Band </name>
    <activeYears/>
    <startYear/>
    <endYear/>
  </performers>
  <performers>
    <name> Ritchie Valens </name>
    <activeYears> 1957 </activeYears>
    <startYear> 1941 </startYear>
    <endYear> 1959 </endYear>
  </performers>
  <performers>
    <name> The Rolling Stones </name>
    <activeYears> 1962 </activeYears>
    <startYear/>
    <endYear/>
  </performers>
  <performers>
    <name> Ronny &amp; the Daytonas </name>
    <activeYears/>
    <startYear/>
    <endYear/>
  </performers>
  <performers>
    <name> Rory Storm </name>
    <activeYears> 1958 </activeYears>
    <startYear> 1938 </startYear>
    <endYear> 1972 </endYear>
  </performers>
  <performers>
    <name> Roy Orbison </name>
    <activeYears> 1953 </activeYears>
    <startYear> 1936 </startYear>
    <endYear> 1988 </endYear>
  </performers>
  <performers>
    <name> Screamin' Jay Hawkins </name>
    <activeYears> 1946 </activeYears>
    <startYear> 1929 </startYear>
    <endYear> 2000 </endYear>
  </performers>
  <performers>
    <name> Shakin Stevens </name>
    <activeYears/>
    <startYear/>
    <endYear/>
  </performers>
  <performers>
    <name> The Shirelles </name>
    <activeYears> 1957 </activeYears>
    <startYear/>
    <endYear/>
  </performers>
  <performers>
    <name> Stevie Nicks </name>
    <activeYears> 1968 </activeYears>
    <startYear> 1948 </startYear>
    <endYear/>
  </performers>
  <performers>
    <name> Stray Cats </name>
    <activeYears> 1979 </activeYears>
    <startYear/>
    <endYear/>
  </performers>
  <performers>
    <name> The Surfaris </name>
    <activeYears> 1962 </activeYears>
    <startYear/>
    <endYear/>
  </performers>
  <performers>
    <name> Tommy &amp; The Tom Toms </name>
    <activeYears/>
    <startYear/>
    <endYear/>
  </performers>
  <performers>
    <name> Tommy Steele </name>
    <activeYears> 1956 </activeYears>
    <startYear> 1936 </startYear>
    <endYear/>
  </performers>
  <performers>
    <name> Vince Taylor </name>
    <activeYears> 1957 </activeYears>
    <startYear> 1939 </startYear>
    <endYear> 1991 </endYear>
  </performers>
  <performers>
    <name> Wanda Jackson </name>
    <activeYears> 1955 </activeYears>
    <startYear> 1937 </startYear>
    <endYear/>
  </performers>
  <performers>
    <name> Warren Smith (singer)|Warren Smith </name>
    <activeYears/>
    <startYear/>
    <endYear/>
  </performers>
  <performers>
    <name> Wilbert Harrison </name>
    <activeYears> 1950 </activeYears>
    <startYear> 1929 </startYear>
    <endYear> 1994 </endYear>
  </performers>
  <performers>
    <name> The Zombies </name>
    <activeYears/>
    <startYear/>
    <endYear/>
  </performers>
</RockandRoll>
